{
  "1": [
    435.5,
    2276.5
  ],
  "2": [
    1889.5,
    1412.5
  ],
  "3": [
    2404.5,
    1425.5
  ],
  "4": [
    2673.243408203125,
    1261.29345703125
  ],
  "5": [
    3543.5,
    1484.0
  ],
  "6": [
    4388.0,
    2270.0
  ]
}