{
  "1": [
    436.67901611328125,
    2274.580078125
  ],
  "2": [
    1889.5,
    1413.5
  ],
  "3": [
    2406.5,
    1424.5
  ],
  "4": [
    2672.0,
    1261.5
  ],
  "5": [
    3541.5,
    1483.0
  ],
  "6": [
    4386.0,
    2272.0
  ]
}