{
  "1": [
    442.0,
    2372.0
  ],
  "2": [
    1880.0,
    1476.5
  ],
  "3": [
    2400.0,
    1474.0
  ],
  "4": [
    2635.34033203125,
    1300.2626953125
  ],
  "5": [
    3529.596923828125,
    1496.1092529296875
  ],
  "6": [
    4367.5,
    2252.5
  ]
}