{
  "1": [
    447.0120544433594,
    2373.36474609375
  ],
  "2": [
    1881.0,
    1478.0
  ],
  "3": [
    2400.0,
    1476.0
  ],
  "4": [
    2640.04150390625,
    1300.1356201171875
  ],
  "5": [
    3529.6875,
    1496.821044921875
  ],
  "6": [
    4362.0,
    2250.0
  ]
}